store_id,store_name,brand_covered,city,state,region,pincode,mall_or_area,latitude,longitude,store_type,is_omnichannel_enabled,supports_try_and_buy,opening_time,closing_time,contact_phone,contact_email,status,created_at
STORE_MUMBAI,ABFRL Flagship Experience Mumbai,"Allen Solly, Van Heusen, Louis Philippe, Peter England, Reebok",Mumbai,Maharashtra,West,400001,South Mumbai High Street,18.9388,72.8354,Flagship,True,True,10:00,22:00,+91-9822012345,mumbai.store@abfrl.com,Active,2025-12-07 09:47:42
STORE_DELHI,ABFRL Experience Centre Delhi,"Allen Solly, Van Heusen, Louis Philippe, Reebok",New Delhi,Delhi,North,110017,Saket District Centre,28.5286,77.2197,Mall,True,True,10:00,22:00,+91-9811012345,delhi.store@abfrl.com,Active,2025-12-07 09:47:42
STORE_BANGALORE,ABFRL City Hub Bengaluru,"Allen Solly, Van Heusen, Peter England, Reebok",Bengaluru,Karnataka,South,560055,"Orion Mall, Rajajinagar",13.0116,77.5545,Mall,True,True,10:00,22:00,+91-9900012345,bengaluru.store@abfrl.com,Active,2025-12-07 09:47:42
STORE_PUNE,ABFRL Retail Hub Pune,"Allen Solly, Van Heusen, Reebok",Pune,Maharashtra,West,411014,Viman Nagar Retail Zone,18.5626,73.9168,High-Street,True,True,10:00,22:00,+91-9823012345,pune.store@abfrl.com,Active,2025-12-07 09:47:42
STORE_CHENNAI,ABFRL Central Chennai Hub,"Van Heusen, Louis Philippe, Peter England, Reebok",Chennai,Tamil Nadu,South,600002,Mount Road Retail Corridor,13.0604,80.2496,Mall,True,True,10:00,22:00,+91-9884012345,chennai.store@abfrl.com,Active,2025-12-07 09:47:42
